[{"Nombre de usuario": "testuser", "Correo electronico": "test@mail.com", "Contrasenya": "password", "Fecha registro": {"dia": 20, "mes": 11, "anyo": 2025}, "Fecha nacimiento": {"dia": 1, "mes": 1, "anyo": 2000}, "Tipo usuario": "REGULAR"}, {"Nombre de usuario": "testuser_premium", "Correo electronico": "test@mail.com", "Contrasenya": "password_premium", "Fecha registro": {"dia": 20, "mes": 11, "anyo": 2025}, "Fecha nacimiento": {"dia": 1, "mes": 1, "anyo": 1999}, "Tipo usuario": "PREMIUM", "Tarjeta de credito": {"Numero de cuenta": "12345678901234567890", "cvv": "123", "Fecha registro": {"dia": 10, "mes": 11, "anyo": 2014}, "Fecha caducidad": {"dia": 28, "mes": 12, "anyo": 2028}, "Propietario": "Pablo Corbalan de Concepcion"}}, {"Nombre de usuario": "testuser_premium2", "Correo electronico": "test2@mail.com", "Contrasenya": "password2", "Fecha registro": {"dia": 20, "mes": 12, "anyo": 2025}, "Fecha nacimiento": {"dia": 9, "mes": 11, "anyo": 2001}, "Tipo usuario": "PREMIUM", "Tarjeta de credito": {"Numero de cuenta": "12345678901234567890", "cvv": "123", "Fecha registro": {"dia": 10, "mes": 11, "anyo": 2014}, "Fecha caducidad": {"dia": 28, "mes": 12, "anyo": 2028}, "Propietario": "Pablo Corbalan de Concepcion"}}, {"Nombre de usuario": "pablo", "Correo electronico": "pablo@mail.com", "Contrasenya": "contra_pablo", "Fecha registro": {"dia": 23, "mes": 11, "anyo": 2025}, "Fecha nacimiento": {"dia": 6, "mes": 10, "anyo": 2006}, "Tipo usuario": "PREMIUM", "Tarjeta de credito": {"Numero de cuenta": "12345678901234567890", "cvv": "123", "Fecha registro": {"dia": 10, "mes": 11, "anyo": 2014}, "Fecha caducidad": {"dia": 28, "mes": 12, "anyo": 2028}, "Propietario": "Pablo Corbalan de Concepcion"}}]